Gene_Name,Gene_ID,Strand,Start,End,Sequence_Type
MX1,ENSG00000157601,+,1049,1059,Genomic
MX1,ENSG00000157601,+,17614,17624,Genomic
MX1,ENSG00000157601,+,26021,26031,Genomic
MX1,ENSG00000157601,-,8738,8748,Genomic
MX1,ENSG00000157601,-,12334,12344,Genomic
MX1,ENSG00000157601,-,28220,28230,Genomic
MX1,ENSG00000157601,-,31110,31120,Genomic
MX1,ENSG00000157601,-,33388,33398,Genomic
MX1,ENSG00000157601,-,37651,37661,Genomic
MX1,ENSG00000157601,-,41498,41508,Genomic
MX1,ENSG00000157601,-,42074,42084,Genomic
MX1,ENSG00000157601,-,45308,45318,Genomic
MX1,ENSG00000157601,+,750,760,Transcript
MX1,ENSG00000157601,+,1434,1444,Transcript
OASL,ENSG00000135114,+,4907,4917,Genomic
OASL,ENSG00000135114,+,22081,22091,Genomic
OASL,ENSG00000135114,-,10619,10629,Genomic
OASL,ENSG00000135114,-,15974,15984,Genomic
OASL,ENSG00000135114,-,17902,17912,Genomic
GBP4,ENSG00000162654,+,206,216,Genomic
GBP4,ENSG00000162654,+,13056,13066,Genomic
GBP4,ENSG00000162654,-,496,506,Genomic
GBP4,ENSG00000162654,+,1761,1771,Transcript
CMPK2,ENSG00000134326,+,2473,2483,Genomic
CMPK2,ENSG00000134326,+,3726,3736,Genomic
CMPK2,ENSG00000134326,+,12977,12987,Genomic
CMPK2,ENSG00000134326,-,13497,13507,Genomic
IFI44L,ENSG00000137959,+,882,892,Genomic
IFI44L,ENSG00000137959,+,973,983,Genomic
IFI44L,ENSG00000137959,+,8796,8806,Genomic
IFI44L,ENSG00000137959,+,9077,9087,Genomic
IFI44L,ENSG00000137959,-,3775,3785,Genomic
IFI44L,ENSG00000137959,-,7948,7958,Genomic
IFI44L,ENSG00000137959,-,11653,11663,Genomic
IFI44L,ENSG00000137959,-,22361,22371,Genomic
IFI44L,ENSG00000137959,+,416,426,Transcript
IFIT3,ENSG00000119917,+,2371,2381,Genomic
IFIT3,ENSG00000119917,+,3812,3822,Genomic
IFIT3,ENSG00000119917,+,9506,9516,Genomic
IFIT3,ENSG00000119917,+,17468,17478,Genomic
IFIT3,ENSG00000119917,+,37806,37816,Genomic
IFIT3,ENSG00000119917,+,37927,37937,Genomic
IFIT3,ENSG00000119917,+,41004,41014,Genomic
IFIT3,ENSG00000119917,+,45143,45153,Genomic
IFIT3,ENSG00000119917,-,1034,1044,Genomic
IFIT3,ENSG00000119917,-,1068,1078,Genomic
IFIT3,ENSG00000119917,-,5628,5638,Genomic
IFIT3,ENSG00000119917,-,5671,5681,Genomic
IFIT3,ENSG00000119917,-,24087,24097,Genomic
IFIT3,ENSG00000119917,-,24164,24174,Genomic
IFIT3,ENSG00000119917,-,25623,25633,Genomic
TNFSF10,ENSG00000121858,+,6111,6121,Genomic
TNFSF10,ENSG00000121858,-,358,368,Genomic
TNFSF10,ENSG00000121858,-,1070,1080,Genomic
TNFSF10,ENSG00000121858,-,4643,4653,Genomic
TNFSF10,ENSG00000121858,-,10799,10809,Genomic
TNFSF10,ENSG00000121858,-,11205,11215,Genomic
TNFSF10,ENSG00000121858,-,15053,15063,Genomic
TNFSF10,ENSG00000121858,-,16652,16662,Genomic
TNFSF10,ENSG00000121858,-,17205,17215,Genomic
TNFSF10,ENSG00000121858,-,613,623,Transcript
OAS1,ENSG00000089127,+,1105,1115,Genomic
OAS1,ENSG00000089127,+,18589,18599,Genomic
OAS1,ENSG00000089127,-,8312,8322,Genomic
OAS1,ENSG00000089127,-,8595,8605,Genomic
OAS1,ENSG00000089127,-,12910,12920,Genomic
USP18,ENSG00000184979,+,736,746,Genomic
USP18,ENSG00000184979,-,717,727,Genomic
USP18,ENSG00000184979,-,10963,10973,Genomic
USP18,ENSG00000184979,-,17137,17147,Genomic
USP18,ENSG00000184979,-,19510,19520,Genomic
USP18,ENSG00000184979,-,27515,27525,Genomic
USP18,ENSG00000184979,-,1318,1328,Transcript
IFIH1,ENSG00000115267,+,479,489,Genomic
IFIH1,ENSG00000115267,+,3798,3808,Genomic
IFIH1,ENSG00000115267,+,4694,4704,Genomic
IFIH1,ENSG00000115267,+,10867,10877,Genomic
IFIH1,ENSG00000115267,+,23914,23924,Genomic
IFIH1,ENSG00000115267,+,34950,34960,Genomic
IFIH1,ENSG00000115267,+,39024,39034,Genomic
IFIH1,ENSG00000115267,+,42282,42292,Genomic
IFIH1,ENSG00000115267,+,42411,42421,Genomic
IFIH1,ENSG00000115267,+,50851,50861,Genomic
IFIH1,ENSG00000115267,+,50942,50952,Genomic
IFIH1,ENSG00000115267,-,341,351,Genomic
IFIH1,ENSG00000115267,-,4081,4091,Genomic
IFIH1,ENSG00000115267,-,13048,13058,Genomic
IFIH1,ENSG00000115267,-,17436,17446,Genomic
IFIH1,ENSG00000115267,-,21626,21636,Genomic
IFIH1,ENSG00000115267,-,22280,22290,Genomic
IFIH1,ENSG00000115267,-,24500,24510,Genomic
IFIH1,ENSG00000115267,-,27684,27694,Genomic
IFIH1,ENSG00000115267,-,33925,33935,Genomic
IFIH1,ENSG00000115267,-,44708,44718,Genomic
IFIH1,ENSG00000115267,-,47857,47867,Genomic
IFIH1,ENSG00000115267,+,2465,2475,Transcript
IFIH1,ENSG00000115267,+,2594,2604,Transcript
IFIH1,ENSG00000115267,+,3028,3038,Transcript
GBP7,ENSG00000213512,+,2505,2515,Genomic
GBP7,ENSG00000213512,+,12666,12676,Genomic
GBP7,ENSG00000213512,+,32365,32375,Genomic
GBP7,ENSG00000213512,+,43198,43208,Genomic
GBP7,ENSG00000213512,-,4530,4540,Genomic
GBP7,ENSG00000213512,-,11907,11917,Genomic
GBP7,ENSG00000213512,-,33265,33275,Genomic
GBP7,ENSG00000213512,-,39392,39402,Genomic
GBP7,ENSG00000213512,-,40796,40806,Genomic
GBP7,ENSG00000213512,+,1710,1720,Transcript
IFIT1B,ENSG00000204010,-,4824,4834,Genomic
GBP5,ENSG00000154451,+,7932,7942,Genomic
GBP5,ENSG00000154451,-,1700,1710,Genomic
GBP5,ENSG00000154451,-,4353,4363,Genomic
GBP5,ENSG00000154451,-,10077,10087,Genomic
DDX58,ENSG00000107201,+,2889,2899,Genomic
DDX58,ENSG00000107201,+,18864,18874,Genomic
DDX58,ENSG00000107201,+,27627,27637,Genomic
DDX58,ENSG00000107201,+,28993,29003,Genomic
DDX58,ENSG00000107201,+,29772,29782,Genomic
DDX58,ENSG00000107201,+,32123,32133,Genomic
DDX58,ENSG00000107201,+,45260,45270,Genomic
DDX58,ENSG00000107201,+,54609,54619,Genomic
DDX58,ENSG00000107201,+,63453,63463,Genomic
DDX58,ENSG00000107201,+,67107,67117,Genomic
DDX58,ENSG00000107201,-,28816,28826,Genomic
DDX58,ENSG00000107201,-,40223,40233,Genomic
DDX58,ENSG00000107201,-,41538,41548,Genomic
DDX58,ENSG00000107201,-,48905,48915,Genomic
DDX58,ENSG00000107201,-,53771,53781,Genomic
DDX58,ENSG00000107201,-,56141,56151,Genomic
DDX58,ENSG00000107201,-,59486,59496,Genomic
DDX58,ENSG00000107201,-,71162,71172,Genomic
DDX58,ENSG00000107201,-,4243,4253,Transcript
ISG15,ENSG00000187608,+,6956,6966,Genomic
ISG15,ENSG00000187608,+,12544,12554,Genomic
ISG15,ENSG00000187608,+,12746,12756,Genomic
ISG15,ENSG00000187608,-,4123,4133,Genomic
ISG15,ENSG00000187608,-,12025,12035,Genomic
RTP4,ENSG00000136514,+,458,468,Genomic
RTP4,ENSG00000136514,+,482,492,Genomic
HERC6,ENSG00000138642,+,9157,9167,Genomic
HERC6,ENSG00000138642,+,9212,9222,Genomic
HERC6,ENSG00000138642,+,33752,33762,Genomic
HERC6,ENSG00000138642,+,35623,35633,Genomic
HERC6,ENSG00000138642,+,45587,45597,Genomic
HERC6,ENSG00000138642,+,61118,61128,Genomic
HERC6,ENSG00000138642,+,61129,61139,Genomic
HERC6,ENSG00000138642,+,61166,61176,Genomic
HERC6,ENSG00000138642,-,1144,1154,Genomic
HERC6,ENSG00000138642,-,1173,1183,Genomic
HERC6,ENSG00000138642,-,4655,4665,Genomic
HERC6,ENSG00000138642,-,13687,13697,Genomic
HERC6,ENSG00000138642,-,17169,17179,Genomic
HERC6,ENSG00000138642,-,32893,32903,Genomic
HERC6,ENSG00000138642,-,41876,41886,Genomic
HERC6,ENSG00000138642,-,43814,43824,Genomic
HERC6,ENSG00000138642,-,56028,56038,Genomic
ZMYND15,ENSG00000141497,+,311,321,Genomic
CD274,ENSG00000120217,+,9754,9764,Genomic
CD274,ENSG00000120217,+,14359,14369,Genomic
CD274,ENSG00000120217,-,331,341,Genomic
CD274,ENSG00000120217,-,11503,11513,Genomic
CD274,ENSG00000120217,-,16752,16762,Genomic
SAMD9L,ENSG00000177409,+,1217,1227,Genomic
SAMD9L,ENSG00000177409,+,7898,7908,Genomic
SAMD9L,ENSG00000177409,+,14851,14861,Genomic
SAMD9L,ENSG00000177409,+,15536,15546,Genomic
SAMD9L,ENSG00000177409,-,15723,15733,Genomic
SAMD9L,ENSG00000177409,+,3171,3181,Transcript
SAMD9L,ENSG00000177409,+,3856,3866,Transcript
SAMD9L,ENSG00000177409,-,4043,4053,Transcript
IFI44,ENSG00000137965,+,1255,1265,Genomic
IFI44,ENSG00000137965,+,6426,6436,Genomic
IFI44,ENSG00000137965,-,475,485,Genomic
IFI44,ENSG00000137965,+,440,450,Transcript
TLR3,ENSG00000164342,+,12873,12883,Genomic
TLR3,ENSG00000164342,+,18476,18486,Genomic
TLR3,ENSG00000164342,-,741,751,Genomic
TLR3,ENSG00000164342,-,1728,1738,Genomic
TLR3,ENSG00000164342,-,3284,3294,Genomic
TLR3,ENSG00000164342,+,4828,4838,Transcript
CIITA,ENSG00000179583,+,1676,1686,Genomic
CIITA,ENSG00000179583,+,3351,3361,Genomic
CIITA,ENSG00000179583,+,11365,11375,Genomic
CIITA,ENSG00000179583,+,13180,13190,Genomic
CIITA,ENSG00000179583,+,26613,26623,Genomic
CIITA,ENSG00000179583,+,30869,30879,Genomic
CIITA,ENSG00000179583,-,3178,3188,Genomic
CIITA,ENSG00000179583,-,9951,9961,Genomic
CIITA,ENSG00000179583,-,15856,15866,Genomic
CIITA,ENSG00000179583,-,45497,45507,Genomic
CIITA,ENSG00000179583,-,45744,45754,Genomic
CIITA,ENSG00000179583,-,45773,45783,Genomic
CIITA,ENSG00000179583,-,45820,45830,Genomic
CIITA,ENSG00000179583,-,45830,45840,Genomic
CIITA,ENSG00000179583,-,47566,47576,Genomic
CIITA,ENSG00000179583,-,47580,47590,Genomic
CIITA,ENSG00000179583,-,47594,47604,Genomic
CIITA,ENSG00000179583,-,65813,65823,Genomic
CIITA,ENSG00000179583,-,71926,71936,Genomic
CIITA,ENSG00000179583,-,11201,11211,Transcript
ISG20,ENSG00000172183,+,3777,3787,Genomic
ISG20,ENSG00000172183,-,4982,4992,Genomic
PARP14,ENSG00000173193,+,471,481,Genomic
PARP14,ENSG00000173193,+,1723,1733,Genomic
PARP14,ENSG00000173193,+,13527,13537,Genomic
PARP14,ENSG00000173193,+,20051,20061,Genomic
PARP14,ENSG00000173193,-,2816,2826,Genomic
PARP14,ENSG00000173193,-,11132,11142,Genomic
PARP14,ENSG00000173193,-,21873,21883,Genomic
PARP14,ENSG00000173193,-,24016,24026,Genomic
PARP14,ENSG00000173193,-,27126,27136,Genomic
PARP14,ENSG00000173193,-,31445,31455,Genomic
PARP14,ENSG00000173193,-,31753,31763,Genomic
PARP14,ENSG00000173193,-,34135,34145,Genomic
PARP14,ENSG00000173193,-,35148,35158,Genomic
PARP14,ENSG00000173193,-,41328,41338,Genomic
PARP14,ENSG00000173193,-,45550,45560,Genomic
PARP14,ENSG00000173193,-,45981,45991,Genomic
PARP14,ENSG00000173193,+,1880,1890,Transcript
XAF1,ENSG00000132530,+,7228,7238,Genomic
XAF1,ENSG00000132530,+,12091,12101,Genomic
XAF1,ENSG00000132530,+,18228,18238,Genomic
XAF1,ENSG00000132530,+,20225,20235,Genomic
XAF1,ENSG00000132530,-,8018,8028,Genomic
XAF1,ENSG00000132530,-,11990,12000,Genomic
XAF1,ENSG00000132530,-,13925,13935,Genomic
XAF1,ENSG00000132530,-,14962,14972,Genomic
XAF1,ENSG00000132530,-,16999,17009,Genomic
XAF1,ENSG00000132530,+,474,484,Transcript
XAF1,ENSG00000132530,+,944,954,Transcript
XAF1,ENSG00000132530,+,2941,2951,Transcript
IRF7,ENSG00000185507,-,780,790,Genomic
APOL2,ENSG00000128335,+,2167,2177,Genomic
APOL2,ENSG00000128335,-,868,878,Genomic
APOL2,ENSG00000128335,-,8683,8693,Genomic
SAMD9,ENSG00000205413,+,408,418,Genomic
SAMD9,ENSG00000205413,-,7887,7897,Genomic
SAMD9,ENSG00000205413,-,12399,12409,Genomic
APOL3,ENSG00000128284,+,9716,9726,Genomic
APOL3,ENSG00000128284,-,635,645,Genomic
APOL3,ENSG00000128284,-,4373,4383,Genomic
APOL3,ENSG00000128284,-,5863,5873,Genomic
APOL3,ENSG00000128284,-,8562,8572,Genomic
APOL3,ENSG00000128284,-,14612,14622,Genomic
APOL3,ENSG00000128284,-,15082,15092,Genomic
IL15RA,ENSG00000134470,+,2585,2595,Genomic
IL15RA,ENSG00000134470,+,7286,7296,Genomic
IL15RA,ENSG00000134470,+,8725,8735,Genomic
IL15RA,ENSG00000134470,+,19517,19527,Genomic
IL15RA,ENSG00000134470,+,22663,22673,Genomic
IL15RA,ENSG00000134470,+,28285,28295,Genomic
IL15RA,ENSG00000134470,+,32907,32917,Genomic
IL15RA,ENSG00000134470,-,167,177,Genomic
IL15RA,ENSG00000134470,-,2439,2449,Genomic
IL15RA,ENSG00000134470,-,2757,2767,Genomic
IL15RA,ENSG00000134470,-,15107,15117,Genomic
BST2,ENSG00000130303,+,370,380,Genomic
BST2,ENSG00000130303,+,1265,1275,Genomic
SLFN12L,ENSG00000205045,+,379,389,Genomic
SLFN12L,ENSG00000205045,+,24825,24835,Genomic
SLFN12L,ENSG00000205045,+,27009,27019,Genomic
SLFN12L,ENSG00000205045,+,59570,59580,Genomic
SLFN12L,ENSG00000205045,+,67262,67272,Genomic
SLFN12L,ENSG00000205045,-,6196,6206,Genomic
SLFN12L,ENSG00000205045,-,6852,6862,Genomic
SLFN12L,ENSG00000205045,-,7040,7050,Genomic
SLFN12L,ENSG00000205045,-,7620,7630,Genomic
SLFN12L,ENSG00000205045,-,8158,8168,Genomic
SLFN12L,ENSG00000205045,-,14122,14132,Genomic
SLFN12L,ENSG00000205045,-,16298,16308,Genomic
SLFN12L,ENSG00000205045,-,19089,19099,Genomic
SLFN12L,ENSG00000205045,-,31764,31774,Genomic
SLFN12L,ENSG00000205045,-,35196,35206,Genomic
SLFN12L,ENSG00000205045,-,44192,44202,Genomic
SLFN12L,ENSG00000205045,-,73392,73402,Genomic
SLFN12L,ENSG00000205045,+,6551,6561,Transcript
SLFN12L,ENSG00000205045,-,12681,12691,Transcript
LGALS9,ENSG00000168961,-,1881,1891,Genomic
LGALS9,ENSG00000168961,-,4890,4900,Genomic
TAP1,ENSG00000168394,-,478,488,Genomic
TAP1,ENSG00000168394,-,5935,5945,Genomic
TAP1,ENSG00000168394,-,5967,5977,Genomic
TRIM14,ENSG00000106785,+,11108,11118,Genomic
TRIM14,ENSG00000106785,+,28011,28021,Genomic
TRIM14,ENSG00000106785,+,29245,29255,Genomic
TRIM14,ENSG00000106785,+,31366,31376,Genomic
TRIM14,ENSG00000106785,+,38917,38927,Genomic
TRIM14,ENSG00000106785,+,40013,40023,Genomic
TRIM14,ENSG00000106785,+,48018,48028,Genomic
TRIM14,ENSG00000106785,-,474,484,Genomic
TRIM14,ENSG00000106785,-,17649,17659,Genomic
PARP12,ENSG00000059378,+,25146,25156,Genomic
PARP12,ENSG00000059378,+,37731,37741,Genomic
PARP12,ENSG00000059378,-,490,500,Genomic
PARP12,ENSG00000059378,-,6099,6109,Genomic
PARP12,ENSG00000059378,-,9427,9437,Genomic
PARP12,ENSG00000059378,-,10336,10346,Genomic
PARP12,ENSG00000059378,-,33571,33581,Genomic
PARP12,ENSG00000059378,-,38950,38960,Genomic
PARP12,ENSG00000059378,-,2268,2278,Transcript
WARS,ENSG00000140105,+,1903,1913,Genomic
WARS,ENSG00000140105,+,24094,24104,Genomic
WARS,ENSG00000140105,+,41596,41606,Genomic
WARS,ENSG00000140105,-,1579,1589,Genomic
WARS,ENSG00000140105,-,10134,10144,Genomic
WARS,ENSG00000140105,-,18753,18763,Genomic
WARS,ENSG00000140105,-,19249,19259,Genomic
WARS,ENSG00000140105,-,20698,20708,Genomic
WARS,ENSG00000140105,-,22659,22669,Genomic
WARS,ENSG00000140105,-,25292,25302,Genomic
WARS,ENSG00000140105,-,35154,35164,Genomic
WARS,ENSG00000140105,-,35967,35977,Genomic
HSH2D,ENSG00000196684,+,1267,1277,Genomic
HSH2D,ENSG00000196684,-,16052,16062,Genomic
SP110,ENSG00000135899,+,15069,15079,Genomic
SP110,ENSG00000135899,+,18583,18593,Genomic
SP110,ENSG00000135899,+,28401,28411,Genomic
SP110,ENSG00000135899,+,48059,48069,Genomic
SP110,ENSG00000135899,+,56733,56743,Genomic
SP110,ENSG00000135899,-,5743,5753,Genomic
SP110,ENSG00000135899,-,8088,8098,Genomic
SP110,ENSG00000135899,-,15315,15325,Genomic
SP110,ENSG00000135899,-,25251,25261,Genomic
SP110,ENSG00000135899,-,31702,31712,Genomic
SP110,ENSG00000135899,-,31747,31757,Genomic
SP110,ENSG00000135899,-,54430,54440,Genomic
SP110,ENSG00000135899,-,56980,56990,Genomic
SP110,ENSG00000135899,+,1545,1555,Transcript
SAMHD1,ENSG00000101347,+,4777,4787,Genomic
SAMHD1,ENSG00000101347,+,5536,5546,Genomic
SAMHD1,ENSG00000101347,+,5588,5598,Genomic
SAMHD1,ENSG00000101347,+,17740,17750,Genomic
SAMHD1,ENSG00000101347,+,45706,45716,Genomic
SAMHD1,ENSG00000101347,+,48837,48847,Genomic
SAMHD1,ENSG00000101347,+,61991,62001,Genomic
SAMHD1,ENSG00000101347,-,1508,1518,Genomic
SAMHD1,ENSG00000101347,-,5311,5321,Genomic
SAMHD1,ENSG00000101347,-,13094,13104,Genomic
SAMHD1,ENSG00000101347,-,27999,28009,Genomic
SAMHD1,ENSG00000101347,-,35162,35172,Genomic
SAMHD1,ENSG00000101347,-,54701,54711,Genomic
SAMHD1,ENSG00000101347,+,272,282,Transcript
SAMHD1,ENSG00000101347,+,4475,4485,Transcript
CXCL16,ENSG00000161921,-,775,785,Genomic
CXCL16,ENSG00000161921,-,275,285,Transcript
PARP9,ENSG00000138496,+,27574,27584,Genomic
PARP9,ENSG00000138496,-,736,746,Genomic
PARP9,ENSG00000138496,-,7241,7251,Genomic
PARP9,ENSG00000138496,-,29330,29340,Genomic
PARP9,ENSG00000138496,-,34865,34875,Genomic
GCH1,ENSG00000131979,+,2170,2180,Genomic
GCH1,ENSG00000131979,+,9384,9394,Genomic
GCH1,ENSG00000131979,+,21840,21850,Genomic
GCH1,ENSG00000131979,+,36882,36892,Genomic
GCH1,ENSG00000131979,+,37551,37561,Genomic
GCH1,ENSG00000131979,+,49948,49958,Genomic
GCH1,ENSG00000131979,-,18991,19001,Genomic
GCH1,ENSG00000131979,-,21234,21244,Genomic
GCH1,ENSG00000131979,-,23627,23637,Genomic
GCH1,ENSG00000131979,-,35421,35431,Genomic
GCH1,ENSG00000131979,-,43428,43438,Genomic
GCH1,ENSG00000131979,-,44318,44328,Genomic
GCH1,ENSG00000131979,-,61326,61336,Genomic
RNF213,ENSG00000173821,+,3221,3231,Genomic
RNF213,ENSG00000173821,+,3497,3507,Genomic
RNF213,ENSG00000173821,+,6071,6081,Genomic
RNF213,ENSG00000173821,+,11334,11344,Genomic
RNF213,ENSG00000173821,+,11961,11971,Genomic
RNF213,ENSG00000173821,+,41310,41320,Genomic
RNF213,ENSG00000173821,+,41681,41691,Genomic
RNF213,ENSG00000173821,+,51793,51803,Genomic
RNF213,ENSG00000173821,+,59368,59378,Genomic
RNF213,ENSG00000173821,+,68061,68071,Genomic
RNF213,ENSG00000173821,+,71587,71597,Genomic
RNF213,ENSG00000173821,+,90835,90845,Genomic
RNF213,ENSG00000173821,+,93258,93268,Genomic
RNF213,ENSG00000173821,+,99230,99240,Genomic
RNF213,ENSG00000173821,+,101182,101192,Genomic
RNF213,ENSG00000173821,+,102782,102792,Genomic
RNF213,ENSG00000173821,+,114755,114765,Genomic
RNF213,ENSG00000173821,+,122680,122690,Genomic
RNF213,ENSG00000173821,+,129030,129040,Genomic
RNF213,ENSG00000173821,+,133030,133040,Genomic
RNF213,ENSG00000173821,-,692,702,Genomic
RNF213,ENSG00000173821,-,3208,3218,Genomic
RNF213,ENSG00000173821,-,3797,3807,Genomic
RNF213,ENSG00000173821,-,48320,48330,Genomic
RNF213,ENSG00000173821,-,51116,51126,Genomic
RNF213,ENSG00000173821,-,57057,57067,Genomic
RNF213,ENSG00000173821,-,69108,69118,Genomic
RNF213,ENSG00000173821,-,107827,107837,Genomic
RNF213,ENSG00000173821,-,111507,111517,Genomic
RNF213,ENSG00000173821,-,123306,123316,Genomic
RNF213,ENSG00000173821,-,124099,124109,Genomic
RNF213,ENSG00000173821,+,50,60,Transcript
RNF213,ENSG00000173821,+,3611,3621,Transcript
RNF213,ENSG00000173821,+,10680,10690,Transcript
RNF213,ENSG00000173821,+,11546,11556,Transcript
RNF213,ENSG00000173821,+,14190,14200,Transcript
RNF213,ENSG00000173821,+,15666,15676,Transcript
DHX58,ENSG00000108771,+,2139,2149,Genomic
DHX58,ENSG00000108771,+,7585,7595,Genomic
DHX58,ENSG00000108771,-,483,493,Genomic
DHX58,ENSG00000108771,-,1009,1019,Genomic
DHX58,ENSG00000108771,-,6879,6889,Genomic
DHX58,ENSG00000108771,-,110,120,Transcript
IL18BP,ENSG00000137496,+,1437,1447,Genomic
IL18BP,ENSG00000137496,+,4551,4561,Genomic
IL18BP,ENSG00000137496,+,1556,1566,Transcript
TMEM140,ENSG00000146859,+,447,457,Genomic
TMEM140,ENSG00000146859,-,3762,3772,Genomic
TMEM140,ENSG00000146859,-,6225,6235,Genomic
DDX60,ENSG00000137628,+,543,553,Genomic
DDX60,ENSG00000137628,+,578,588,Genomic
DDX60,ENSG00000137628,+,25836,25846,Genomic
DDX60,ENSG00000137628,+,26993,27003,Genomic
DDX60,ENSG00000137628,+,31191,31201,Genomic
DDX60,ENSG00000137628,+,60109,60119,Genomic
DDX60,ENSG00000137628,+,60562,60572,Genomic
DDX60,ENSG00000137628,+,84197,84207,Genomic
DDX60,ENSG00000137628,+,93219,93229,Genomic
DDX60,ENSG00000137628,-,1961,1971,Genomic
DDX60,ENSG00000137628,-,4859,4869,Genomic
DDX60,ENSG00000137628,-,20884,20894,Genomic
DDX60,ENSG00000137628,-,21996,22006,Genomic
DDX60,ENSG00000137628,-,22107,22117,Genomic
DDX60,ENSG00000137628,-,28196,28206,Genomic
DDX60,ENSG00000137628,-,33079,33089,Genomic
DDX60,ENSG00000137628,-,33325,33335,Genomic
DDX60,ENSG00000137628,-,35765,35775,Genomic
DDX60,ENSG00000137628,-,35972,35982,Genomic
DDX60,ENSG00000137628,-,40046,40056,Genomic
DDX60,ENSG00000137628,-,47054,47064,Genomic
DDX60,ENSG00000137628,-,60019,60029,Genomic
DDX60,ENSG00000137628,-,64748,64758,Genomic
DDX60,ENSG00000137628,-,64990,65000,Genomic
DDX60,ENSG00000137628,-,75373,75383,Genomic
DDX60,ENSG00000137628,-,79386,79396,Genomic
DDX60,ENSG00000137628,-,88217,88227,Genomic
DDX60,ENSG00000137628,-,88519,88529,Genomic
DDX60,ENSG00000137628,-,89568,89578,Genomic
DDX60,ENSG00000137628,-,95308,95318,Genomic
DDX60,ENSG00000137628,-,96212,96222,Genomic
DDX60,ENSG00000137628,-,99322,99332,Genomic
DDX60,ENSG00000137628,+,1401,1411,Transcript
PNPT1,ENSG00000138035,+,1608,1618,Genomic
PNPT1,ENSG00000138035,+,23300,23310,Genomic
PNPT1,ENSG00000138035,+,45385,45395,Genomic
PNPT1,ENSG00000138035,+,60264,60274,Genomic
PNPT1,ENSG00000138035,-,837,847,Genomic
PNPT1,ENSG00000138035,-,4002,4012,Genomic
PNPT1,ENSG00000138035,-,21021,21031,Genomic
PNPT1,ENSG00000138035,-,21264,21274,Genomic
PNPT1,ENSG00000138035,-,27221,27231,Genomic
PNPT1,ENSG00000138035,-,33625,33635,Genomic
PNPT1,ENSG00000138035,-,33730,33740,Genomic
PNPT1,ENSG00000138035,-,34037,34047,Genomic
PNPT1,ENSG00000138035,-,57535,57545,Genomic
PNPT1,ENSG00000138035,-,60441,60451,Genomic
PNPT1,ENSG00000138035,-,60672,60682,Genomic
PNPT1,ENSG00000138035,+,4510,4520,Transcript
SOCS1,ENSG00000185338,+,387,397,Genomic
MLKL,ENSG00000168404,+,17834,17844,Genomic
MLKL,ENSG00000168404,-,7104,7114,Genomic
MLKL,ENSG00000168404,-,26561,26571,Genomic
IRF1,ENSG00000125347,+,12185,12195,Genomic
IRF1,ENSG00000125347,+,15108,15118,Genomic
IRF1,ENSG00000125347,+,34716,34726,Genomic
IRF1,ENSG00000125347,+,44787,44797,Genomic
IRF1,ENSG00000125347,+,47977,47987,Genomic
IRF1,ENSG00000125347,+,56063,56073,Genomic
IRF1,ENSG00000125347,+,56393,56403,Genomic
IRF1,ENSG00000125347,+,56801,56811,Genomic
IRF1,ENSG00000125347,+,58636,58646,Genomic
IRF1,ENSG00000125347,-,44810,44820,Genomic
IRF1,ENSG00000125347,-,52655,52665,Genomic
IRF1,ENSG00000125347,-,58398,58408,Genomic
APOL1,ENSG00000100342,+,3039,3049,Genomic
APOL1,ENSG00000100342,+,6790,6800,Genomic
APOL1,ENSG00000100342,-,503,513,Genomic
DTX3L,ENSG00000163840,+,494,504,Genomic
DTX3L,ENSG00000163840,+,5805,5815,Genomic
DTX3L,ENSG00000163840,+,8599,8609,Genomic
DTX3L,ENSG00000163840,-,7174,7184,Genomic
DTX3L,ENSG00000163840,+,1642,1652,Transcript
DTX3L,ENSG00000163840,+,3001,3011,Transcript
TDRD7,ENSG00000196116,+,541,551,Genomic
TDRD7,ENSG00000196116,+,18428,18438,Genomic
TDRD7,ENSG00000196116,+,35597,35607,Genomic
TDRD7,ENSG00000196116,+,56755,56765,Genomic
TDRD7,ENSG00000196116,+,63400,63410,Genomic
TDRD7,ENSG00000196116,+,78518,78528,Genomic
TDRD7,ENSG00000196116,-,4397,4407,Genomic
TDRD7,ENSG00000196116,-,30839,30849,Genomic
TDRD7,ENSG00000196116,-,49174,49184,Genomic
TDRD7,ENSG00000196116,-,54458,54468,Genomic
TDRD7,ENSG00000196116,-,61100,61110,Genomic
TDRD7,ENSG00000196116,-,69831,69841,Genomic
TDRD7,ENSG00000196116,-,76986,76996,Genomic
TDRD7,ENSG00000196116,-,78230,78240,Genomic
TDRD7,ENSG00000196116,+,41,51,Transcript
GBP2,ENSG00000162645,+,6812,6822,Genomic
GBP2,ENSG00000162645,+,17645,17655,Genomic
GBP2,ENSG00000162645,+,33502,33512,Genomic
GBP2,ENSG00000162645,+,37348,37358,Genomic
GBP2,ENSG00000162645,+,37572,37582,Genomic
GBP2,ENSG00000162645,+,40771,40781,Genomic
GBP2,ENSG00000162645,-,7712,7722,Genomic
GBP2,ENSG00000162645,-,13839,13849,Genomic
GBP2,ENSG00000162645,-,15243,15253,Genomic
GBP2,ENSG00000162645,-,21953,21963,Genomic
GBP2,ENSG00000162645,-,22032,22042,Genomic
GBP2,ENSG00000162645,-,28942,28952,Genomic
GBP2,ENSG00000162645,-,30054,30064,Genomic
GBP2,ENSG00000162645,-,31873,31883,Genomic
GBP2,ENSG00000162645,-,43543,43553,Genomic
GBP2,ENSG00000162645,+,1712,1722,Transcript
GBP2,ENSG00000162645,-,2806,2816,Transcript
LMO2,ENSG00000135363,+,18903,18913,Genomic
LMO2,ENSG00000135363,+,19212,19222,Genomic
LMO2,ENSG00000135363,+,24825,24835,Genomic
LMO2,ENSG00000135363,+,27165,27175,Genomic
LMO2,ENSG00000135363,-,2894,2904,Genomic
LMO2,ENSG00000135363,-,3661,3671,Genomic
PDZD2,ENSG00000133401,+,11380,11390,Genomic
PDZD2,ENSG00000133401,+,28754,28764,Genomic
PDZD2,ENSG00000133401,+,51293,51303,Genomic
PDZD2,ENSG00000133401,+,58849,58859,Genomic
PDZD2,ENSG00000133401,+,65012,65022,Genomic
PDZD2,ENSG00000133401,+,75813,75823,Genomic
PDZD2,ENSG00000133401,+,103295,103305,Genomic
PDZD2,ENSG00000133401,+,105191,105201,Genomic
PDZD2,ENSG00000133401,+,105272,105282,Genomic
PDZD2,ENSG00000133401,+,131481,131491,Genomic
PDZD2,ENSG00000133401,+,193596,193606,Genomic
PDZD2,ENSG00000133401,+,209590,209600,Genomic
PDZD2,ENSG00000133401,+,217799,217809,Genomic
PDZD2,ENSG00000133401,+,235834,235844,Genomic
PDZD2,ENSG00000133401,+,246543,246553,Genomic
PDZD2,ENSG00000133401,+,247057,247067,Genomic
PDZD2,ENSG00000133401,+,265044,265054,Genomic
PDZD2,ENSG00000133401,+,275944,275954,Genomic
PDZD2,ENSG00000133401,+,302809,302819,Genomic
PDZD2,ENSG00000133401,+,318870,318880,Genomic
PDZD2,ENSG00000133401,+,324674,324684,Genomic
PDZD2,ENSG00000133401,+,328260,328270,Genomic
PDZD2,ENSG00000133401,+,334713,334723,Genomic
PDZD2,ENSG00000133401,+,345880,345890,Genomic
PDZD2,ENSG00000133401,+,360516,360526,Genomic
PDZD2,ENSG00000133401,+,377063,377073,Genomic
PDZD2,ENSG00000133401,+,381721,381731,Genomic
PDZD2,ENSG00000133401,+,386076,386086,Genomic
PDZD2,ENSG00000133401,+,389302,389312,Genomic
PDZD2,ENSG00000133401,+,403266,403276,Genomic
PDZD2,ENSG00000133401,+,403946,403956,Genomic
PDZD2,ENSG00000133401,+,416245,416255,Genomic
PDZD2,ENSG00000133401,+,431317,431327,Genomic
PDZD2,ENSG00000133401,+,431670,431680,Genomic
PDZD2,ENSG00000133401,+,442185,442195,Genomic
PDZD2,ENSG00000133401,+,448362,448372,Genomic
PDZD2,ENSG00000133401,-,7849,7859,Genomic
PDZD2,ENSG00000133401,-,21181,21191,Genomic
PDZD2,ENSG00000133401,-,45728,45738,Genomic
PDZD2,ENSG00000133401,-,63237,63247,Genomic
PDZD2,ENSG00000133401,-,105347,105357,Genomic
PDZD2,ENSG00000133401,-,105592,105602,Genomic
PDZD2,ENSG00000133401,-,114575,114585,Genomic
PDZD2,ENSG00000133401,-,143088,143098,Genomic
PDZD2,ENSG00000133401,-,148961,148971,Genomic
PDZD2,ENSG00000133401,-,148983,148993,Genomic
PDZD2,ENSG00000133401,-,183320,183330,Genomic
PDZD2,ENSG00000133401,-,201993,202003,Genomic
PDZD2,ENSG00000133401,-,216138,216148,Genomic
PDZD2,ENSG00000133401,-,221750,221760,Genomic
PDZD2,ENSG00000133401,-,225425,225435,Genomic
PDZD2,ENSG00000133401,-,238902,238912,Genomic
PDZD2,ENSG00000133401,-,241863,241873,Genomic
PDZD2,ENSG00000133401,-,249502,249512,Genomic
PDZD2,ENSG00000133401,-,249558,249568,Genomic
PDZD2,ENSG00000133401,-,252988,252998,Genomic
PDZD2,ENSG00000133401,-,254410,254420,Genomic
PDZD2,ENSG00000133401,-,256249,256259,Genomic
PDZD2,ENSG00000133401,-,263196,263206,Genomic
PDZD2,ENSG00000133401,-,263585,263595,Genomic
PDZD2,ENSG00000133401,-,307242,307252,Genomic
PDZD2,ENSG00000133401,-,313261,313271,Genomic
PDZD2,ENSG00000133401,-,333793,333803,Genomic
PDZD2,ENSG00000133401,-,348081,348091,Genomic
PDZD2,ENSG00000133401,-,348242,348252,Genomic
PDZD2,ENSG00000133401,-,354871,354881,Genomic
PDZD2,ENSG00000133401,-,368837,368847,Genomic
PDZD2,ENSG00000133401,-,381963,381973,Genomic
PDZD2,ENSG00000133401,-,391550,391560,Genomic
PDZD2,ENSG00000133401,-,404993,405003,Genomic
PDZD2,ENSG00000133401,-,420193,420203,Genomic
PDZD2,ENSG00000133401,-,441333,441343,Genomic
PDZD2,ENSG00000133401,-,447233,447243,Genomic
PDZD2,ENSG00000133401,-,460904,460914,Genomic
PDZD2,ENSG00000133401,-,470427,470437,Genomic
PDZD2,ENSG00000133401,-,470686,470696,Genomic
PDZD2,ENSG00000133401,-,10109,10119,Transcript
PDZD2,ENSG00000133401,-,10368,10378,Transcript
ATF3,ENSG00000162772,+,2222,2232,Genomic
ATF3,ENSG00000162772,+,18183,18193,Genomic
ATF3,ENSG00000162772,+,31172,31182,Genomic
ATF3,ENSG00000162772,-,2301,2311,Genomic
ATF3,ENSG00000162772,-,13224,13234,Genomic
ATF3,ENSG00000162772,-,15458,15468,Genomic
ATF3,ENSG00000162772,-,31699,31709,Genomic
ATF3,ENSG00000162772,-,32951,32961,Genomic
ATF3,ENSG00000162772,-,41400,41410,Genomic
ATF3,ENSG00000162772,-,41807,41817,Genomic
ATF3,ENSG00000162772,-,46953,46963,Genomic
TRIM21,ENSG00000132109,+,517,527,Genomic
TRIM21,ENSG00000132109,-,3720,3730,Genomic
TRIM21,ENSG00000132109,+,17,27,Transcript
CYP2J2,ENSG00000134716,+,10983,10993,Genomic
CYP2J2,ENSG00000134716,+,13233,13243,Genomic
CYP2J2,ENSG00000134716,+,14265,14275,Genomic
CYP2J2,ENSG00000134716,+,21413,21423,Genomic
CYP2J2,ENSG00000134716,+,25218,25228,Genomic
CYP2J2,ENSG00000134716,+,27447,27457,Genomic
CYP2J2,ENSG00000134716,-,71,81,Genomic
CYP2J2,ENSG00000134716,-,2528,2538,Genomic
CYP2J2,ENSG00000134716,-,4485,4495,Genomic
CYP2J2,ENSG00000134716,-,8498,8508,Genomic
CYP2J2,ENSG00000134716,-,14948,14958,Genomic
CYP2J2,ENSG00000134716,-,18414,18424,Genomic
CYP2J2,ENSG00000134716,-,20796,20806,Genomic
CYP2J2,ENSG00000134716,-,23583,23593,Genomic
CYP2J2,ENSG00000134716,-,23836,23846,Genomic
CYP2J2,ENSG00000134716,-,30487,30497,Genomic
PSMB9,ENSG00000240065,+,406,416,Genomic
PSMB9,ENSG00000240065,+,4704,4714,Genomic
PSMB9,ENSG00000240065,+,4736,4746,Genomic
PSMB9,ENSG00000240065,+,10187,10197,Genomic
PSMB9,ENSG00000240065,+,13855,13865,Genomic
PSMB9,ENSG00000240065,+,16789,16799,Genomic
PSMB9,ENSG00000240065,-,10936,10946,Genomic
MYD88,ENSG00000172936,+,548,558,Genomic
NLRC5,ENSG00000140853,+,7021,7031,Genomic
NLRC5,ENSG00000140853,+,19466,19476,Genomic
NLRC5,ENSG00000140853,+,27249,27259,Genomic
NLRC5,ENSG00000140853,+,57778,57788,Genomic
NLRC5,ENSG00000140853,+,63510,63520,Genomic
NLRC5,ENSG00000140853,+,77338,77348,Genomic
NLRC5,ENSG00000140853,+,90677,90687,Genomic
NLRC5,ENSG00000140853,-,568,578,Genomic
NLRC5,ENSG00000140853,-,12260,12270,Genomic
NLRC5,ENSG00000140853,-,24861,24871,Genomic
NLRC5,ENSG00000140853,-,25682,25692,Genomic
NLRC5,ENSG00000140853,-,27731,27741,Genomic
NLRC5,ENSG00000140853,-,58117,58127,Genomic
NLRC5,ENSG00000140853,-,65754,65764,Genomic
NLRC5,ENSG00000140853,-,73488,73498,Genomic
NLRC5,ENSG00000140853,-,92506,92516,Genomic
TMEM229B,ENSG00000198133,+,1504,1514,Genomic
TMEM229B,ENSG00000198133,+,7172,7182,Genomic
TMEM229B,ENSG00000198133,+,8845,8855,Genomic
TMEM229B,ENSG00000198133,+,17308,17318,Genomic
TMEM229B,ENSG00000198133,+,50078,50088,Genomic
TMEM229B,ENSG00000198133,-,19315,19325,Genomic
TMEM229B,ENSG00000198133,-,23661,23671,Genomic
TMEM229B,ENSG00000198133,-,27227,27237,Genomic
TMEM229B,ENSG00000198133,-,45502,45512,Genomic
TMEM229B,ENSG00000198133,-,66812,66822,Genomic
TMEM229B,ENSG00000198133,-,77206,77216,Genomic
NMI,ENSG00000123609,+,455,465,Genomic
NMI,ENSG00000123609,+,1072,1082,Genomic
NMI,ENSG00000123609,+,17155,17165,Genomic
NMI,ENSG00000123609,+,18678,18688,Genomic
NMI,ENSG00000123609,-,563,573,Genomic
NMI,ENSG00000123609,-,3181,3191,Genomic
NMI,ENSG00000123609,-,5550,5560,Genomic
NMI,ENSG00000123609,-,17938,17948,Genomic
NMI,ENSG00000123609,+,732,742,Transcript
PLEKHA4,ENSG00000105559,+,509,519,Genomic
PLEKHA4,ENSG00000105559,+,559,569,Genomic
PLEKHA4,ENSG00000105559,+,728,738,Genomic
PLEKHA4,ENSG00000105559,+,2797,2807,Genomic
PLEKHA4,ENSG00000105559,-,2046,2056,Genomic
PLEKHA4,ENSG00000105559,-,3701,3711,Genomic
PLEKHA4,ENSG00000105559,-,7378,7388,Genomic
PLEKHA4,ENSG00000105559,-,8285,8295,Genomic
PLEKHA4,ENSG00000105559,-,12163,12173,Genomic
PLEKHA4,ENSG00000105559,-,20297,20307,Genomic
PLEKHA4,ENSG00000105559,+,9,19,Transcript
PLEKHA4,ENSG00000105559,+,59,69,Transcript
PLEKHA4,ENSG00000105559,+,228,238,Transcript
TRIM69,ENSG00000185880,+,356,366,Genomic
TRIM69,ENSG00000185880,+,1465,1475,Genomic
TRIM69,ENSG00000185880,+,2582,2592,Genomic
TRIM69,ENSG00000185880,+,6760,6770,Genomic
TRIM69,ENSG00000185880,+,6819,6829,Genomic
TRIM69,ENSG00000185880,+,6833,6843,Genomic
TRIM69,ENSG00000185880,+,6896,6906,Genomic
TRIM69,ENSG00000185880,+,17042,17052,Genomic
TRIM69,ENSG00000185880,+,17331,17341,Genomic
TRIM69,ENSG00000185880,+,19041,19051,Genomic
TRIM69,ENSG00000185880,+,27349,27359,Genomic
TRIM69,ENSG00000185880,-,3951,3961,Genomic
TRIM69,ENSG00000185880,-,7978,7988,Genomic
TRIM69,ENSG00000185880,-,21956,21966,Genomic
TRIM69,ENSG00000185880,-,24270,24280,Genomic
TRIM69,ENSG00000185880,-,27710,27720,Genomic
APOL4,ENSG00000100336,+,3949,3959,Genomic
APOL4,ENSG00000100336,+,6311,6321,Genomic
APOL4,ENSG00000100336,+,7935,7945,Genomic
APOL4,ENSG00000100336,-,2583,2593,Genomic
TAP2,ENSG00000204267,+,442,452,Genomic
TAP2,ENSG00000204267,+,12032,12042,Genomic
TAP2,ENSG00000204267,+,15087,15097,Genomic
TAP2,ENSG00000204267,-,2213,2223,Genomic
TAP2,ENSG00000204267,+,3850,3860,Transcript
SERPINB9,ENSG00000170542,+,3967,3977,Genomic
SERPINB9,ENSG00000170542,+,5571,5581,Genomic
SERPINB9,ENSG00000170542,-,9519,9529,Genomic
SERPINB9,ENSG00000170542,-,13577,13587,Genomic
SERPINB9,ENSG00000170542,-,15631,15641,Genomic
SERPINB9,ENSG00000170542,-,1180,1190,Transcript
SERPINB9,ENSG00000170542,-,3234,3244,Transcript
HLA-F,ENSG00000204642,-,1003,1013,Genomic
SPTBN5,ENSG00000137877,+,13771,13781,Genomic
SPTBN5,ENSG00000137877,+,14642,14652,Genomic
SPTBN5,ENSG00000137877,-,9017,9027,Genomic
GALNT3,ENSG00000115339,+,10212,10222,Genomic
GALNT3,ENSG00000115339,+,20877,20887,Genomic
GALNT3,ENSG00000115339,+,24319,24329,Genomic
GALNT3,ENSG00000115339,+,26249,26259,Genomic
GALNT3,ENSG00000115339,+,34923,34933,Genomic
GALNT3,ENSG00000115339,+,44872,44882,Genomic
GALNT3,ENSG00000115339,+,45354,45364,Genomic
GALNT3,ENSG00000115339,+,51545,51555,Genomic
GALNT3,ENSG00000115339,+,51923,51933,Genomic
GALNT3,ENSG00000115339,+,63951,63961,Genomic
GALNT3,ENSG00000115339,+,87910,87920,Genomic
GALNT3,ENSG00000115339,+,93359,93369,Genomic
GALNT3,ENSG00000115339,+,96701,96711,Genomic
GALNT3,ENSG00000115339,-,149,159,Genomic
GALNT3,ENSG00000115339,-,4361,4371,Genomic
GALNT3,ENSG00000115339,-,4544,4554,Genomic
GALNT3,ENSG00000115339,-,6115,6125,Genomic
GALNT3,ENSG00000115339,-,6188,6198,Genomic
GALNT3,ENSG00000115339,-,23166,23176,Genomic
GALNT3,ENSG00000115339,-,23314,23324,Genomic
GALNT3,ENSG00000115339,-,49090,49100,Genomic
GALNT3,ENSG00000115339,-,55391,55401,Genomic
GALNT3,ENSG00000115339,-,56528,56538,Genomic
GALNT3,ENSG00000115339,-,58265,58275,Genomic
GALNT3,ENSG00000115339,-,62022,62032,Genomic
GALNT3,ENSG00000115339,-,76874,76884,Genomic
GALNT3,ENSG00000115339,-,77307,77317,Genomic
GALNT3,ENSG00000115339,-,79377,79387,Genomic
GALNT3,ENSG00000115339,-,88438,88448,Genomic
GALNT3,ENSG00000115339,-,98090,98100,Genomic
GALNT3,ENSG00000115339,+,1487,1497,Transcript
GALNT3,ENSG00000115339,-,2412,2422,Transcript
ZC3HAV1,ENSG00000105939,+,1130,1140,Genomic
ZC3HAV1,ENSG00000105939,+,4877,4887,Genomic
ZC3HAV1,ENSG00000105939,+,56411,56421,Genomic
ZC3HAV1,ENSG00000105939,+,58154,58164,Genomic
ZC3HAV1,ENSG00000105939,+,60085,60095,Genomic
ZC3HAV1,ENSG00000105939,+,70081,70091,Genomic
ZC3HAV1,ENSG00000105939,+,70098,70108,Genomic
ZC3HAV1,ENSG00000105939,+,76217,76227,Genomic
ZC3HAV1,ENSG00000105939,+,76882,76892,Genomic
ZC3HAV1,ENSG00000105939,+,88162,88172,Genomic
ZC3HAV1,ENSG00000105939,+,88327,88337,Genomic
ZC3HAV1,ENSG00000105939,-,733,743,Genomic
ZC3HAV1,ENSG00000105939,-,12278,12288,Genomic
ZC3HAV1,ENSG00000105939,-,20393,20403,Genomic
ZC3HAV1,ENSG00000105939,-,20405,20415,Genomic
ZC3HAV1,ENSG00000105939,-,20423,20433,Genomic
ZC3HAV1,ENSG00000105939,-,20449,20459,Genomic
ZC3HAV1,ENSG00000105939,-,20468,20478,Genomic
ZC3HAV1,ENSG00000105939,-,20573,20583,Genomic
ZC3HAV1,ENSG00000105939,-,20585,20595,Genomic
ZC3HAV1,ENSG00000105939,-,20597,20607,Genomic
ZC3HAV1,ENSG00000105939,-,20609,20619,Genomic
ZC3HAV1,ENSG00000105939,-,20633,20643,Genomic
ZC3HAV1,ENSG00000105939,-,20645,20655,Genomic
ZC3HAV1,ENSG00000105939,-,23225,23235,Genomic
ZC3HAV1,ENSG00000105939,-,28373,28383,Genomic
ZC3HAV1,ENSG00000105939,-,28624,28634,Genomic
ZC3HAV1,ENSG00000105939,-,42804,42814,Genomic
ZC3HAV1,ENSG00000105939,-,48853,48863,Genomic
ZC3HAV1,ENSG00000105939,-,51703,51713,Genomic
ZC3HAV1,ENSG00000105939,-,55703,55713,Genomic
ZC3HAV1,ENSG00000105939,-,66704,66714,Genomic
ZC3HAV1,ENSG00000105939,-,69549,69559,Genomic
ZC3HAV1,ENSG00000105939,+,6231,6241,Transcript
ZC3HAV1,ENSG00000105939,+,6396,6406,Transcript
ZC3HAV1,ENSG00000105939,-,323,333,Transcript
IFITM1,ENSG00000185885,+,4459,4469,Genomic
IFITM1,ENSG00000185885,+,4493,4503,Genomic
TRIM5,ENSG00000132256,+,32528,32538,Genomic
TRIM5,ENSG00000132256,+,38442,38452,Genomic
TRIM5,ENSG00000132256,+,40643,40653,Genomic
TRIM5,ENSG00000132256,+,41718,41728,Genomic
TRIM5,ENSG00000132256,+,51039,51049,Genomic
TRIM5,ENSG00000132256,+,54906,54916,Genomic
TRIM5,ENSG00000132256,+,60251,60261,Genomic
TRIM5,ENSG00000132256,+,71537,71547,Genomic
TRIM5,ENSG00000132256,+,74112,74122,Genomic
TRIM5,ENSG00000132256,+,77550,77560,Genomic
TRIM5,ENSG00000132256,+,120438,120448,Genomic
TRIM5,ENSG00000132256,+,133749,133759,Genomic
TRIM5,ENSG00000132256,+,135429,135439,Genomic
TRIM5,ENSG00000132256,+,145846,145856,Genomic
TRIM5,ENSG00000132256,+,146816,146826,Genomic
TRIM5,ENSG00000132256,+,166264,166274,Genomic
TRIM5,ENSG00000132256,+,170782,170792,Genomic
TRIM5,ENSG00000132256,+,177193,177203,Genomic
TRIM5,ENSG00000132256,+,182840,182850,Genomic
TRIM5,ENSG00000132256,+,186277,186287,Genomic
TRIM5,ENSG00000132256,+,200565,200575,Genomic
TRIM5,ENSG00000132256,+,206763,206773,Genomic
TRIM5,ENSG00000132256,+,209215,209225,Genomic
TRIM5,ENSG00000132256,+,213330,213340,Genomic
TRIM5,ENSG00000132256,+,216201,216211,Genomic
TRIM5,ENSG00000132256,+,216504,216514,Genomic
TRIM5,ENSG00000132256,+,230141,230151,Genomic
TRIM5,ENSG00000132256,+,237866,237876,Genomic
TRIM5,ENSG00000132256,+,252790,252800,Genomic
TRIM5,ENSG00000132256,+,264686,264696,Genomic
TRIM5,ENSG00000132256,-,23059,23069,Genomic
TRIM5,ENSG00000132256,-,26450,26460,Genomic
TRIM5,ENSG00000132256,-,43049,43059,Genomic
TRIM5,ENSG00000132256,-,65329,65339,Genomic
TRIM5,ENSG00000132256,-,68199,68209,Genomic
TRIM5,ENSG00000132256,-,76752,76762,Genomic
TRIM5,ENSG00000132256,-,88542,88552,Genomic
TRIM5,ENSG00000132256,-,97992,98002,Genomic
TRIM5,ENSG00000132256,-,99850,99860,Genomic
TRIM5,ENSG00000132256,-,116531,116541,Genomic
TRIM5,ENSG00000132256,-,124403,124413,Genomic
TRIM5,ENSG00000132256,-,125886,125896,Genomic
TRIM5,ENSG00000132256,-,129560,129570,Genomic
TRIM5,ENSG00000132256,-,135379,135389,Genomic
TRIM5,ENSG00000132256,-,142515,142525,Genomic
TRIM5,ENSG00000132256,-,143608,143618,Genomic
TRIM5,ENSG00000132256,-,155361,155371,Genomic
TRIM5,ENSG00000132256,-,158398,158408,Genomic
TRIM5,ENSG00000132256,-,158543,158553,Genomic
TRIM5,ENSG00000132256,-,164624,164634,Genomic
TRIM5,ENSG00000132256,-,165701,165711,Genomic
TRIM5,ENSG00000132256,-,167069,167079,Genomic
TRIM5,ENSG00000132256,-,181501,181511,Genomic
TRIM5,ENSG00000132256,-,195116,195126,Genomic
TRIM5,ENSG00000132256,-,198259,198269,Genomic
TRIM5,ENSG00000132256,-,213833,213843,Genomic
TRIM5,ENSG00000132256,-,223605,223615,Genomic
TRIM5,ENSG00000132256,-,228730,228740,Genomic
TRIM5,ENSG00000132256,-,252904,252914,Genomic
TRIM5,ENSG00000132256,-,254018,254028,Genomic
TRIM5,ENSG00000132256,-,258827,258837,Genomic
TRIM5,ENSG00000132256,-,265661,265671,Genomic
TRIM5,ENSG00000132256,-,274881,274891,Genomic
TRIM5,ENSG00000132256,-,2320,2330,Transcript
ZNFX1,ENSG00000124201,+,809,819,Genomic
ZNFX1,ENSG00000124201,+,2694,2704,Genomic
ZNFX1,ENSG00000124201,+,3709,3719,Genomic
ZNFX1,ENSG00000124201,+,6015,6025,Genomic
ZNFX1,ENSG00000124201,+,7090,7100,Genomic
ZNFX1,ENSG00000124201,+,22993,23003,Genomic
ZNFX1,ENSG00000124201,+,33598,33608,Genomic
ZNFX1,ENSG00000124201,+,41439,41449,Genomic
ZNFX1,ENSG00000124201,-,6133,6143,Genomic
ZNFX1,ENSG00000124201,-,6190,6200,Genomic
ZNFX1,ENSG00000124201,+,2763,2773,Transcript
SLFN13,ENSG00000154760,-,6468,6478,Genomic
SLFN13,ENSG00000154760,-,14421,14431,Genomic
SLFN13,ENSG00000154760,-,14446,14456,Genomic
EIF2AK2,ENSG00000055332,+,1036,1046,Genomic
EIF2AK2,ENSG00000055332,+,35670,35680,Genomic
EIF2AK2,ENSG00000055332,+,50891,50901,Genomic
EIF2AK2,ENSG00000055332,-,11217,11227,Genomic
EIF2AK2,ENSG00000055332,-,16492,16502,Genomic
EIF2AK2,ENSG00000055332,-,38800,38810,Genomic
EIF2AK2,ENSG00000055332,-,41189,41199,Genomic
EIF2AK2,ENSG00000055332,+,2053,2063,Transcript
C19orf66,ENSG00000130813,+,652,662,Genomic
C19orf66,ENSG00000130813,+,971,981,Genomic
C19orf66,ENSG00000130813,+,2041,2051,Genomic
PARP10,ENSG00000178685,-,1464,1474,Genomic
PARP10,ENSG00000178685,-,4396,4406,Genomic
PARP10,ENSG00000178685,-,26123,26133,Genomic
PARP10,ENSG00000178685,-,26802,26812,Genomic
SLC25A28,ENSG00000155287,+,4671,4681,Genomic
SLC25A28,ENSG00000155287,+,6306,6316,Genomic
SLC25A28,ENSG00000155287,+,9192,9202,Genomic
SLC25A28,ENSG00000155287,-,3846,3856,Genomic
SLC25A28,ENSG00000155287,-,6056,6066,Genomic
IRF2,ENSG00000168310,+,251,261,Genomic
IRF2,ENSG00000168310,+,6353,6363,Genomic
IRF2,ENSG00000168310,+,24774,24784,Genomic
IRF2,ENSG00000168310,+,26247,26257,Genomic
IRF2,ENSG00000168310,+,34252,34262,Genomic
IRF2,ENSG00000168310,+,39081,39091,Genomic
IRF2,ENSG00000168310,+,74497,74507,Genomic
IRF2,ENSG00000168310,+,75426,75436,Genomic
IRF2,ENSG00000168310,+,77670,77680,Genomic
IRF2,ENSG00000168310,+,81041,81051,Genomic
IRF2,ENSG00000168310,+,84308,84318,Genomic
IRF2,ENSG00000168310,-,604,614,Genomic
IRF2,ENSG00000168310,-,25989,25999,Genomic
IRF2,ENSG00000168310,-,39463,39473,Genomic
IRF2,ENSG00000168310,-,46779,46789,Genomic
IRF2,ENSG00000168310,-,52663,52673,Genomic
IRF2,ENSG00000168310,-,54650,54660,Genomic
IRF2,ENSG00000168310,-,57712,57722,Genomic
IRF2,ENSG00000168310,-,76991,77001,Genomic
IRF2,ENSG00000168310,-,82006,82016,Genomic
IRF2,ENSG00000168310,+,871,881,Transcript
IRF2,ENSG00000168310,-,96,106,Transcript
ZCCHC2,ENSG00000141664,+,17800,17810,Genomic
ZCCHC2,ENSG00000141664,+,31837,31847,Genomic
ZCCHC2,ENSG00000141664,+,54746,54756,Genomic
ZCCHC2,ENSG00000141664,-,38249,38259,Genomic
ZCCHC2,ENSG00000141664,-,55408,55418,Genomic
ZCCHC2,ENSG00000141664,-,57045,57055,Genomic
ZCCHC2,ENSG00000141664,-,61902,61912,Genomic
ZCCHC2,ENSG00000141664,-,63957,63967,Genomic
ZCCHC2,ENSG00000141664,+,4628,4638,Transcript
ZCCHC2,ENSG00000141664,-,5290,5300,Transcript
IFI27,ENSG00000165949,+,6305,6315,Genomic
IFI27,ENSG00000165949,-,479,489,Genomic
IFI27,ENSG00000165949,-,6292,6302,Genomic
RNF19B,ENSG00000116514,+,16153,16163,Genomic
RNF19B,ENSG00000116514,+,20845,20855,Genomic
RNF19B,ENSG00000116514,-,2884,2894,Genomic
RNF19B,ENSG00000116514,-,8223,8233,Genomic
RNF19B,ENSG00000116514,-,24397,24407,Genomic
RNF19B,ENSG00000116514,-,27294,27304,Genomic
IFI16,ENSG00000163565,+,7588,7598,Genomic
IFI16,ENSG00000163565,+,34771,34781,Genomic
IFI16,ENSG00000163565,-,1215,1225,Genomic
IFI16,ENSG00000163565,-,11186,11196,Genomic
IFI16,ENSG00000163565,-,12528,12538,Genomic
IFI16,ENSG00000163565,-,43202,43212,Genomic
IFI16,ENSG00000163565,-,46337,46347,Genomic
IFI16,ENSG00000163565,-,47362,47372,Genomic
SLC2A12,ENSG00000146411,+,483,493,Genomic
SLC2A12,ENSG00000146411,+,17653,17663,Genomic
SLC2A12,ENSG00000146411,+,32300,32310,Genomic
SLC2A12,ENSG00000146411,+,40081,40091,Genomic
SLC2A12,ENSG00000146411,+,47297,47307,Genomic
SLC2A12,ENSG00000146411,+,48925,48935,Genomic
SLC2A12,ENSG00000146411,+,50719,50729,Genomic
SLC2A12,ENSG00000146411,+,51696,51706,Genomic
SLC2A12,ENSG00000146411,+,57253,57263,Genomic
SLC2A12,ENSG00000146411,+,61500,61510,Genomic
SLC2A12,ENSG00000146411,-,10574,10584,Genomic
SLC2A12,ENSG00000146411,-,10611,10621,Genomic
SLC2A12,ENSG00000146411,-,11789,11799,Genomic
SLC2A12,ENSG00000146411,-,21221,21231,Genomic
SLC2A12,ENSG00000146411,-,25638,25648,Genomic
SLC2A12,ENSG00000146411,-,27119,27129,Genomic
SLC2A12,ENSG00000146411,-,32559,32569,Genomic
SLC2A12,ENSG00000146411,-,43197,43207,Genomic
SLC2A12,ENSG00000146411,-,55569,55579,Genomic
SLC2A12,ENSG00000146411,-,61804,61814,Genomic
SLC6A9,ENSG00000196517,+,2043,2053,Genomic
SLC6A9,ENSG00000196517,-,3194,3204,Genomic
RAB20,ENSG00000139832,+,9475,9485,Genomic
RAB20,ENSG00000139832,+,17793,17803,Genomic
RAB20,ENSG00000139832,+,30254,30264,Genomic
RAB20,ENSG00000139832,-,296,306,Genomic
RAB20,ENSG00000139832,-,11178,11188,Genomic
RAB20,ENSG00000139832,-,23575,23585,Genomic
RAB20,ENSG00000139832,-,23934,23944,Genomic
B3GALNT1,ENSG00000169255,-,2980,2990,Genomic
PML,ENSG00000140464,+,2826,2836,Genomic
PML,ENSG00000140464,+,12380,12390,Genomic
PML,ENSG00000140464,+,13977,13987,Genomic
PML,ENSG00000140464,+,24170,24180,Genomic
PML,ENSG00000140464,+,27581,27591,Genomic
PML,ENSG00000140464,+,35771,35781,Genomic
PML,ENSG00000140464,+,45052,45062,Genomic
PML,ENSG00000140464,-,80,90,Genomic
